delivery_country,total_sales,total_quantity,total_revenue,avg_order_value
Canada,14,46,4090,292.14285714285717
France,12,36,3210,267.5
Australia,9,28,2330,258.8888888888889
Germany,9,23,2010,223.33333333333334
Japan,8,27,2510,313.75
UK,5,13,1260,252.0
USA,3,5,520,173.33333333333334
